"Rationale","Fbar (2017)","Catch (2017)","SSB (2017)","Fbar (2018)","Catch (2018)","SSB (2018)","SSB (2019)"
Fbar(2018) = Fmsy,0.255821059545117,450000,1774548.64483991,0.33,574857.475419975,1603101.61005189,1501871.91497343
