"Rationale","Fbar (2017)","Catch (2017)","SSB (2017)","Fbar (2018)","Catch (2018)","SSB (2018)","SSB (2019)"
Fbar(2018) = Fmsy,0.307842183410487,527500,1720467.58822014,0.33,550936.357215052,1556033.09235523,1423507.76301469
