"Rationale","Fbar (2011)","Catch (2011)","SSB (2011)","Fbar (2012)","Catch (2012)","SSB (2012)","SSB (2013)"
Catch(2011) = Zero,0.381203423491287,61820,95711.1974095847,0,0,116938.541052216,198846.29796813
Catch(2011) = 2009 IMC -15% (52 547 t),0.381203423491287,61820,95711.1974095847,0.274767276850696,52547,113959.676923658,153117.500037055
Catch(2011) = 2009 IMC (61 820 t),0.381203423491287,61820,95711.1974095847,0.330216459973061,61820,113367.884260631,145284.64246848
Catch(2011) = 2009 IMC +15% (71 093 t),0.381203423491287,61820,95711.1974095847,0.3882211715147,71093,112752.137839378,137530.790183575
Catch(2011) = 2009 IMC (61 820 t),0.381203423491287,61820,95711.1974095847,0.330216459973061,61820,113367.884260631,145284.64246848
Fbar(2011) = 0.25,0.381203423491287,61820,95711.1974095847,0.25,48270.8571574602,114225.017635356,156755.204983151
Fbar(2011) = 0.167,0.381203423491287,61820,95711.1974095847,0.167,33307.4846018696,115118.783404578,169606.645883092
Fbar(2011) = 0.109,0.381203423491287,61820,95711.1974095847,0.109,22243.998368566,115747.531151437,179225.512159141
