Rationale,Fbar (2017),Catch (2017),SSB (2017),Fbar (2018),Catch (2018),SSB (2018),SSB (2019)
Catch(2017) = Zero,0.041209155,5800,132340.3285,0,0,134158.4906,136769.1739
Catch(2017) = 2016 TAC -15%,0.041209155,5800,132340.3285,0.035681037,4930,131528.8648,127456.7776
Catch(2017) = 2016 TAC,0.041209155,5800,132340.3285,0.042084887,5800,131062.7174,126894.7027
Catch(2017) = 2016 TAC +15%,0.041209155,5800,132340.3285,0.048521704,6670,130595.9328,126332.8325
Catch(2017) = 2016 TAC +30%,0.041209155,5800,132340.3285,0.054991812,7540,130128.5077,125771.1684
Catch(2017) = 2016 TAC -30%,0.041209155,5800,132340.3285,0.029309833,4060,131994.3783,128019.056
Fbar(2017) = Fmsy,0.041209155,5800,132340.3285,0.16,21050.15116,122785.0615,117076.693
Fbar(2017) = Fmgt,0.041209155,5800,132340.3285,0.05,6869.175132,130488.9786,126204.2286
Fbar(2017) = 0.082,0.041209155,5800,132340.3285,0.082,11123.48222,128196.3828,123459.9086
