age,AQ1,AQ2,AQ3,AQ4,CQ1,CQ2,CQ3,CQ4,DQ1,DQ2,DQ3,DQ4,FQ1,FQ2,FQ3,FQ4
0,0,0,0,15.01515152,0,0,33.70978215,36.93103448,0,0,14.88241532,26.06119485,0,0,21.54338873,14.45511422
1,24,67,71.72222222,56.03448276,39.73636418,52.79107038,72.9754562,77.15838308,29.65495651,21.74680389,74.84821634,76.60305189,19.59135258,20.70578268,64.28643527,50.26982023
2,56.03448276,144,128.3084112,109.8269231,77.79967393,91.68488308,104.1658747,103.6932227,81.88666079,93.72077922,107.5127458,101.0185716,53.9366647,49.18364127,86.60601854,76.57416671
3,109.8269231,163,142.5245098,244,102.9301258,105.0548589,124.2066055,122.0726061,109.7624616,102,125.6173443,122.1360539,84.44753809,71.38932356,114.2201029,106.7451712
4,244,166,159.6756757,262,129.589109,114.305144,147.0592549,150.385722,138.4761915,120.7111111,148.5034977,168.3201709,110.5813183,88.21007982,139.0449784,137.4252998
5,262,163,179.8583333,325,148.9057526,133.8154706,182.6355885,183.915962,171.0703345,129.6315789,182.5074059,205.8793224,147.6179541,100.6896465,139.9219287,133.1647562
6,325,189,199.7606838,267,192.7207617,152.6323326,178.5592538,174.9367638,189.4589184,141.1714286,180.0367676,157.2464285,159.3813986,118.5484288,122.9703296,130.1157503
7,267,191,219.5818182,268,207.4691907,181.2008137,191.7926166,190.2295517,205,153.9090909,192.4074854,194.4551149,175.2657864,132.193116,171.7803649,149.6710758
8,268.5,210.4307971,228.8571429,271.5,200.3085496,164.087781,198.5388305,208.531931,189.8946414,164.4,194.6211641,162,187.3324892,138.3690502,222.0234979,178.3305485
