age,AQ1,AQ2,AQ3,AQ4,CQ1,CQ2,CQ3,CQ4,DQ1,DQ2,DQ3,DQ4,FQ1,FQ2,FQ3,FQ4
0,0,0,8,69,0,0,13.96878106,23.03696078,0,0,8.754726533,14.79631157,0,0,8.774851682,15.11971547
1,69,63.5,103,128.1,59.72615162,68.64679955,76.91337463,78.02163751,16.11786228,30.80986057,28.87381675,78.18659973,26.24182453,54.36581602,76.66399704,78.02502754
2,128.1,137.6,197.9,150.2,57.83596756,89.3907109,148.435829,108.834096,84.98408393,98.13051698,54.44196056,123.0906756,61.63695268,89.49581262,147.9670995,109.6931559
3,150.2,169.9,173,170.7,93.82821184,140.1304941,170.4768936,153.0046487,126.7022716,122.5119164,165.6014721,158.589482,96.08500522,139.4935993,170.4744982,153.4165658
4,170.7,208.1,226,260,140.1449688,164.8323828,200.4938603,200.3208263,159.761433,139.1867451,199.3077254,184.8890086,141.3230954,164.1700268,200.4932237,199.1057019
5,175.7,208.3,253,246,162.2086395,171.8130429,210.9189447,201.2156489,169.1849973,180.1227271,205.9240492,208.1690467,162.7342324,171.9526606,210.916485,201.7902086
6,182.3,204.8,266,330,189.0913153,188.0708755,226.0495373,219.6671487,209.6654208,221.7838669,233.0659372,209.3620643,190.3830235,188.4967993,226.0536,218.9909748
7,205.3,233.2,259,308,187.1803896,181.3123464,238.7838366,238.0186447,203.374424,184.2860734,226.8,234.2857143,188.3944154,181.3480921,238.7781587,237.6848215
8,245.35,251.6018116,270.2862319,293.1817209,212.8797034,213.0544565,266.4281725,211.2543982,203.1492135,215.5279467,257.52378,270.811371,211.5268488,213.1879713,266.423372,217.3028347
