"","catF","lanF","catch","landings","catB","lanB"
"F05",0.221047854785479,NA,578393.638821794,NA,2582948.23776184,NA
"F10",0.254626334519573,NA,603509.906771936,NA,2381430.54826459,NA
"F50",0.412011354420114,NA,662273.940838436,NA,1710274.27347351,NA
"medianMSY",NA,0.533533533533533,NA,671200.494436164,NA,1371118.81747965
"meanMSY",0.54,0.54,671178.898745637,671178.898745637,1355776.08811561,1355776.08811561
"Medlower",NA,0.322322322322322,NA,638077.492034343,NA,2049228.05306919
"Meanlower",NA,0.327117117117117,NA,667754.797112527,NA,NA
"Medupper",NA,0.775775775775776,NA,637905.168391643,NA,907024.872517102
"Meanupper",NA,0.778018018018018,NA,667664.476907262,NA,NA
