"","catF","lanF","catch","landings","catB","lanB"
"F05",0.357192771084337,NA,987083.887843315,NA,2843618.01266479,NA
"F10",0.402781065088757,NA,1004172.61970816,NA,2593432.52287379,NA
"F50",0.56737668161435,NA,923606.623246981,NA,1710748.79857302,NA
"medianMSY",NA,0.44044044044044,NA,1009977.85358169,NA,2399380.42968564
"meanMSY",0.44,0.44,1009739.08701921,1009739.08701921,2401002.85908319,2401002.85908319
"Medlower",NA,0.312312312312312,NA,959760.799679437,NA,3116629.74754466
"Meanlower",NA,0.313243243243243,NA,1003693.22489139,NA,NA
"Medupper",NA,0.543543543543544,NA,960651.728152991,NA,1859301.00679529
"Meanupper",NA,0.536216216216216,NA,1004652.68013156,NA,NA
