"","a","b","cv","model","n","prop"
"1",30.0178499793442,1,0.609438198115505,"SegregBlim",1001,1
