"","a","b","cv","model","n","prop"
"1",56.9126547210886,633295.22889936,0.450067919007513,"Segreg",797,0.796203796203796
"2",50.3627688337195,4.23829119627524e-07,0.502685397318003,"Ricker",NA,NA
"3",75.6801578829321,1.48221383013861e-06,0.463425524331373,"Bevholt",204,0.203796203796204
