"","a","b","cv","model","n","prop"
"1",56.9126547210886,633295.22889936,0.450067919007513,"Segreg",1001,1
